id,Name,googleid,Category,Address,Google Business URL,Latitude,Longitude,Number,Street,Unit Type,Unit Number,City,State,County,Zip,Country,,
amenity-1,Jersey City Free Public Library,ChIJDzgYtbZQwokRXGwdVgeGfjs,Attractions,"472 Jersey Ave, Jersey City, NJ 07302",https://goo.gl/maps/ganfP8gkYhd9AKcx7,40.718913,-74.047331,472,Jersey Ave,,,Jersey City,NJ,Hudson County,7302,US,,
amenity-2,Van Vorst Park,,Attractions,"257-287 Montgomery St, Jersey City, NJ 07302",https://goo.gl/maps/4j6puHQCFu9ZabDs5,40.718062,-74.047143,257,Montgomery St,,,Jersey City,NJ,Hudson County,7302,US,,Attractions
amenity-3,Morris Canal Park,,Attractions,"158 Washington St, Jersey City, NJ 07302",https://goo.gl/maps/WHMY4hLw5djCNcKR8,40.712479,-74.038177,158,Washington St,,,Jersey City,NJ,Hudson County,7302,US,,Fitness
amenity-4,J. Owen Grundy Park,,Attractions,"Hudson St, Jersey City, NJ 07302",https://goo.gl/maps/rACUhtNZs3N1kvA78,40.712803,-74.034904,,Hudson St,,,Jersey City,NJ,Hudson County,7302,US,,Food and Drink
amenity-5,Newport Yacht Club and Marina,,Attractions,"140 Dudley St, Jersey City, NJ 07302",https://goo.gl/maps/iSwjbdSBRRahAFGw6,40.712878,-74.040139,140,Dudley St,,,Jersey City,NJ,Hudson County,7302,US,,Hotels
amenity-6,Newport Green Park,,Attractions,"Green Park, 14th St, Jersey City, NJ 07310",https://goo.gl/maps/KHoZUcGg711XsXY18,40.732728,-74.037168,,,,,Jersey City,NJ,Hudson County,7310,US,,Retail
amenity-7,Hamilton Park,,Attractions,"25 W Hamilton Pl, Jersey City, NJ 07302, United States",https://goo.gl/maps/hMAsRSeqZUQdUXjj9,40.727886,-74.046081,25,W Hamilton Pl,,,Jersey City,NJ,Hudson County,7302,US,,Services
amenity-8,Liberty State Park,,Attractions,"200 Morris Pesin Dr, Jersey City, NJ 07305, United States",https://goo.gl/maps/xgAFJ4qabHrCKnNH6,40.694499,-74.059901,200,Morris Pesin Dr,,,Jersey City,NJ,Hudson County,7305,US,,Transit
amenity-9,Empty Sky Memorial,,Attractions,"1 Audrey Zapp Dr, Jersey City, NJ 07305, United States",https://goo.gl/maps/zBusKZfHvCgSb1n19,40.710075,-74.052059,1,Audrey Zapp Dr,,,Jersey City,NJ,Hudson County,7305,US,,
amenity-10,Statue Cruises,,Attractions,"Pine St, Jersey City, NJ 07304, United States",https://goo.gl/maps/pME7xz3k8dyhpz8P6,40.710925,-74.060975,,Pine St,,,Jersey City,NJ,Hudson County,7304,US,,
amenity-11,Liberty Science Center,,Attractions,"222 Jersey City Blvd, Jersey City, NJ 07305, United States",https://goo.gl/maps/CKC8Q84ZSqRmb3id9,40.709509,-74.055972,222,Jersey City Blvd,,,Jersey City,NJ,Hudson County,7305,US,,
amenity-12,Liberty National Golf Course,,Attractions,"100 Caven Point Rd, Jersey City, NJ 07305, United States",https://goo.gl/maps/BS3nJfN1Q2K8WXea7,40.69929,-74.070498,74,Caven Point Rd,,,Jersey City,NJ,Hudson County,7305,US,,
amenity-13,Jersey City 9-11 Memorial,,Attractions,"Hudson River Waterfront Walkway, Jersey City, NJ 07302, United States",https://goo.gl/maps/twSuiY1AVAavY2ne9,40.712803,-74.034904,,Hudson St,,,Jersey City,NJ,Hudson County,7302,US,,
amenity-14,Manhattan Yacht Club,,Attractions,"140 Dudley St, Jersey City, NJ 07302, United States",https://goo.gl/maps/tRo9sHyuS8WyrZdP9,40.712878,-74.040139,140,Dudley St,,,Jersey City,NJ,Hudson County,7302,US,,
amenity-15,New York Sports Clubs,,Fitness,"147 Harborside Financial Center Platform 147 Plaza Two, Jersey City, NJ 07311, United States",https://goo.gl/maps/CTHBH9dGofWur2R18,40.720216,-74.032724,,,,,Jersey City,NJ,Hudson County,7311,US,,
amenity-16,CKO Kickboxing,,Fitness,"150 Bay St, Jersey City, NJ 07302, United States",https://goo.gl/maps/DNYcY6vYRi9jcmTK6,40.721022,-74.039921,150,Bay St,,,Jersey City,NJ,Hudson County,7302,US,,
amenity-17,Club Metro USA,,Fitness,"525 Washington Blvd, Jersey City, NJ 07310, United States",https://goo.gl/maps/Jnpu4A5HFUTQXh4m7,40.726915,-74.03559,525,Washington Blvd,,,Jersey City,NJ,Hudson County,7310,US,,
amenity-18,Base,,Fitness,"60 Christopher Columbus Dr, Jersey City, NJ 07302, United States",https://goo.gl/maps/citSuDKPvwHMv3gF8,40.719496,-74.042259,60,Christopher Columbus Dr,,,Jersey City,NJ,Hudson County,7302,US,,
amenity-19,JC Barre,,Fitness,"419 Monmouth St, Jersey City, NJ 07302, United States",https://goo.gl/maps/EZfndSftCgbQ139r8,40.724256,-74.049145,419,Monmouth St,,,Jersey City,NJ,Hudson County,7302,US,,
amenity-20,Jane DO Jersey City Studio,,Fitness,"160 Newark Ave 3rd floor, Jersey City, NJ 07302, United States",https://g.page/JaneDOJerseyCity?share,40.720989,-74.044608,160,Newark Ave,Fl,3,Jersey City,NJ,Hudson County,7302,US,,
amenity-21,CrossFit Jersey City,,Fitness,"109 Christopher Columbus Dr, Jersey City, NJ 07302, United States",https://g.page/CrossFitJerseyCity?share,40.71676,-74.032967,109,Christopher Columbus Dr,,,Jersey City,NJ,Hudson County,7302,US,,
amenity-22,Maximum Motion Fitness,,Fitness,"262 Grove St, Jersey City, NJ 07302",https://goo.gl/maps/5r1b9hKS5vkpEMZv8,40.71696,-74.044267,262,Grove St,,,Jersey City,NJ,Hudson County,7302,US,,
amenity-23,Yoga Shunya,,Fitness,"275 Grove St, Jersey City, NJ 07302, United States",https://goo.gl/maps/RZMueiSW1FfbD1P98,40.717776,-74.044376,275,Grove St,,,Jersey City,NJ,Hudson County,7302,US,,
amenity-24,SunMoon Hot Yoga,,Fitness,"341 Grove St, Jersey City, NJ 07302, United States",https://g.page/suryajc?share,40.720536,-74.043125,341,Grove St,,,Jersey City,NJ,Hudson County,7302,US,,
amenity-25,Hamilton Health & Fitness,,Fitness,"161 Erie St, Jersey City, NJ 07302, United States",https://g.page/HHFJC?share,40.727488,-74.043603,161,Erie St,,,Jersey City,NJ,Hudson County,7302,US,,
amenity-26,F45 Training,,Fitness,"65 Bay St, Jersey City, NJ 07302, United States",https://goo.gl/maps/7nQiP3dQVQoHDx3X6,40.719776,-74.036344,65,Bay St,,,Jersey City,NJ,Hudson County,7302,US,,
amenity-27,Cyclebar,,Fitness,"65 Bay St, Jersey City, NJ 07302, United States",https://goo.gl/maps/b6qXMS3TaxPKkFVXA,40.719776,-74.036344,65,Bay St,,,Jersey City,NJ,Hudson County,7302,US,,
amenity-28,CRAG,,Fitness,"127 1st St #2918, Jersey City, NJ 07302, United States",https://goo.gl/maps/ifLEQ2ZBDmAvxPEE6,40.721171,-74.038436,127,1st St,#,2918,Jersey City,NJ,Hudson County,7302,US,,
amenity-29,Pilates Haus,,Fitness,"160 1st St, Jersey City, NJ 07302, United States",https://goo.gl/maps/YMV7ZYKugpAvTCEM6,40.721575,-74.039719,160,1st St,,,Jersey City,NJ,Hudson County,7302,US,,
amenity-30,CKO Kickboxing,,Fitness,"150 Bay St, Jersey City, NJ 07302, United States",https://goo.gl/maps/DNYcY6vYRi9jcmTK6,40.721022,-74.039921,150,Bay St,,,Jersey City,NJ,Hudson County,7302,US,,
amenity-31,Powerflow Yoga,,Fitness,"160 Morgan St #5, Jersey City, NJ 07302, United States",https://goo.gl/maps/5shbc2SFFS1N2wxn7,40.720163,-74.040182,160,Morgan St,Ste,5,Jersey City,NJ,Hudson County,7302,US,,
amenity-32,Base Gym,,Fitness,"60 Christopher Columbus Dr, Jersey City, NJ 07302, United States",https://goo.gl/maps/dN6mg4BHfLjBMtbt6,40.719496,-74.042259,60,Christopher Columbus Dr,,,Jersey City,NJ,Hudson County,7302,US,,
amenity-33,Surya Yoga Academy,,Fitness,"341 Grove St, Jersey City, NJ 07302, United States",https://g.page/suryajc?share,40.720536,-74.043125,341,Grove St,,,Jersey City,NJ,Hudson County,7302,US,,
amenity-34,Jane Do,,Fitness,"160 Newark Ave 3rd floor, Jersey City, NJ 07302, United States",https://g.page/JaneDOJerseyCity?share,40.720989,-74.044608,160,Newark Ave,Fl,3,Jersey City,NJ,Hudson County,7302,US,,
amenity-35,Jivamukti Yoga,,Fitness,"171 Newark Ave 2nd Floor, Jersey City, NJ 07302, United States",https://goo.gl/maps/mvKt2KDqsgajP89k9,40.720874,-74.045254,171,Newark Ave,Fl,2,Jersey City,NJ,Hudson County,7302,US,,
amenity-36,Crossfit Jersey City,,Fitness,"109 Christopher Columbus Dr, Jersey City, NJ 07302, United States",https://g.page/CrossFitJerseyCity?share,40.71676,-74.032967,109,Christopher Columbus Dr,,,Jersey City,NJ,Hudson County,7302,US,,
amenity-37,Yoga Shunya,,Fitness,"275 Grove St, Jersey City, NJ 07302, United States",https://goo.gl/maps/nc4Pqc1PSX3susWRA,40.717776,-74.044376,275,Grove St,,,Jersey City,NJ,Hudson County,7302,US,,
amenity-38,At the Beginning Fitness,,Fitness,"244 Grove St, Jersey City, NJ 07302, United States",https://goo.gl/maps/UbzqY6ex6eYHGG1M7,40.716411,-74.044419,244,Grove St,,,Jersey City,NJ,Hudson County,7302,US,,
amenity-39,Maximum Motion Fitness,,Fitness,"262 Grove St, Jersey City, NJ 07302",https://goo.gl/maps/5r1b9hKS5vkpEMZv8,40.71696,-74.044267,262,Grove St,,,Jersey City,NJ,Hudson County,7302,US,,
amenity-40,WeStrong Strength & Conditioning,,Fitness,"41 Marin Blvd, Jersey City, NJ 07302, United States",https://goo.gl/maps/wYdAboT9xQzvuKXX8,40.720455,-74.04133,,Marin Blvd,,,Jersey City,NJ,Hudson County,7302,US,,
amenity-41,Fitness Blueprint,,Fitness,"100 Dudley St, Jersey City, NJ 07302, United States",https://goo.gl/maps/ZwAsnUaH84StWan16,40.712872,-74.039068,100,Dudley St,,,Jersey City,NJ,Hudson County,7302,US,,
amenity-42,Own Your Fitness,,Fitness,"33 Hudson St, Jersey City, NJ 07302, United States",https://g.page/personaltrainerjc?share,40.712628,-74.034947,33,Hudson St,,,Jersey City,NJ,Hudson County,7302,US,,
amenity-43,Row House,,Fitness,"70 Hudson St Suite 125, Jersey City, NJ 07302, United States",https://goo.gl/maps/iSHHYp4TMrfumCLs5,40.71445,-74.033853,70,Hudson St,Ste,125,Jersey City,NJ,Hudson County,7302,US,,
amenity-44,The Body Lab,,Fitness,"239 Washington St, Jersey City, NJ 07302, USA",https://goo.gl/maps/wTqKwdmkFHG34Wjx5,40.715781,-74.037919,239,Washington St,,,Jersey City,NJ,Hudson County,7302,US,,
amenity-45,Hamilton Health & Fitness,,Fitness,"161 Erie St, Jersey City, NJ 07302, United States",https://g.page/HHFJC?share,40.727488,-74.043603,161,Erie St,,,Jersey City,NJ,Hudson County,7302,US,,
amenity-46,Project Pilates,,Fitness,"231 Pavonia Ave, Jersey City, NJ 07302, United States",https://goo.gl/maps/HXXv2z6f5GFYokC77,40.727605,-74.046266,231,Pavonia Ave,,,Jersey City,NJ,Hudson County,7302,US,,
amenity-47,My Gym,,Fitness,"252 9th St, Jersey City, NJ 07302, United States",https://goo.gl/maps/uFqVv4VoHQsobcc39,40.728637,-74.044209,252,9th St,,,Jersey City,NJ,Hudson County,7302,US,,
amenity-48,RushCycling,,Fitness,"189 Brunswick St, Jersey City, NJ 07302, United States",https://goo.gl/maps/iHzq5Vuq8fnKvrap7,40.726484,-74.050528,189,Brunswick St,,,Jersey City,NJ,Hudson County,7302,US,,
amenity-49,The Little Gym of Jersey City,,Fitness,"380 Newark Ave Units 101 & 102, Jersey City, NJ 07302, United States",https://g.page/thelittlegymjerseycity?share,40.726354,-74.052409,380,Newark Ave,Ste,102,Jersey City,NJ,Hudson County,7302,US,,
amenity-50,Power-House Pilates,,Fitness,"189 Brunswick St, Jersey City, NJ 07302, United States",https://goo.gl/maps/mcQYnuPLPoggjdi4A,40.726484,-74.050528,189,Brunswick St,,,Jersey City,NJ,Hudson County,7302,US,,
amenity-51,JC Barre,,Fitness,"419 Monmouth St, Jersey City, NJ 07302, United States",https://goo.gl/maps/EZfndSftCgbQ139r8,40.724256,-74.049145,419,Monmouth St,,,Jersey City,NJ,Hudson County,7302,US,,
amenity-52,Vu,,Food and Drink,"2 Exchange Pl, Jersey City, NJ 07302, United States",https://goo.gl/maps/uJPPUJ1Y1VNV3gCr6,40.716119,-74.03119,2,Exchange Pl,,,Jersey City,NJ,Hudson County,7302,US,,
amenity-53,Au Bon Pain,,Food and Drink,"101 Hudson St #1, Jersey City, NJ 07302, United States",https://goo.gl/maps/FaGuVy56xLrXFE6d9,40.716073,-74.035001,101,Hudson St,Unit,1,Jersey City,NJ,Hudson County,7302,US,,
amenity-54,Lokal Eatery & Bar,,Food and Drink,"2 2nd St, Jersey City, NJ 07302, United States",https://g.page/lokal-eatery-bar?share,40.721566,-74.031736,2,2nd St,,,Jersey City,NJ,Hudson County,7302,US,,
amenity-55,DomoDomo,,Food and Drink,"200 Greene St, Jersey City, NJ 07311, United States",https://g.page/domodomo-jersey-city?share,40.720685,-74.034687,200,Greene St,,,Jersey City,NJ,Hudson County,7311,US,,
amenity-56,Gregory's Coffee,,Food and Drink,"10 Exchange Pl, Jersey City, NJ 07302, United States",https://goo.gl/maps/UzEXhE8NjL67m2su9,40.716671,-74.033331,10,Exchange Pl,,,Jersey City,NJ,Hudson County,7302,US,,
amenity-57,Exchange Place Market,,Food and Drink,"10 Exchange Pl, Jersey City, NJ 07302, United States",https://goo.gl/maps/K71kicYXGhjRFxhM7,40.716671,-74.033331,10,Exchange Pl,,,Jersey City,NJ,Hudson County,7302,US,,
amenity-58,Starbucks,,Food and Drink,"111 Town Square Pl, Jersey City, NJ 07310, United States",https://goo.gl/maps/MtNjr1Vo1uUM5WjC9,40.726289,-74.033733,111,Town Square Pl,,,Jersey City,NJ,Hudson County,7310,US,,
amenity-59,Rooftop at Exchange Place,,Food and Drink,"1 Exchange Pl, Jersey City, NJ 07302, United States",https://g.page/rooftopxp?share,40.715918,-74.033868,1,Exchange Pl,,,Jersey City,NJ,Hudson County,7302,US,,
amenity-60,Potbelly,,Food and Drink,"15 Exchange Pl #100, Jersey City, NJ 07302, United States",https://goo.gl/maps/Tx1ToMx2uvEG1nw48,40.715854,-74.033397,15,Exchange Pl,#,100,Jersey City,NJ,Hudson County,7302,US,,
amenity-61,Ample Hills Creamery,,Food and Drink,"200 Greene St, Jersey City, NJ 07302, United States",https://goo.gl/maps/249iGMXJstUcd7Sg7,40.720685,-74.034687,200,Greene St,,,Jersey City,NJ,Hudson County,7311,US,,
amenity-62,9 Bar Cafe at Urby,,Food and Drink,"200 Greene St, Jersey City, NJ 07311, United States",https://goo.gl/maps/xG3MkPkPe2wMufFJ6,40.720685,-74.034687,200,Greene St,,,Jersey City,NJ,Hudson County,7311,US,,
amenity-63,Maggie's Farm Espresso,,Food and Drink,"88 Morgan St, Jersey City, NJ 07302, United States",https://goo.gl/maps/QeKvBnJtC8TSikJ77,40.719968,-74.035825,88,Morgan St,,,Jersey City,NJ,Hudson County,7302,US,,
amenity-64,Hudson's Grill,,Food and Drink,"160 Greene St, Jersey City, NJ 07302, United States",https://goo.gl/maps/sp5YA5M19okMwYmU8,40.720132,-74.034826,160,Greene St,,,Jersey City,NJ,Hudson County,7302,US,,
amenity-65,Amiya,,Food and Drink,"101 Hudson St, Jersey City, NJ 07302, United States",https://goo.gl/maps/V553q3dz46aVKe4ZA,40.716073,-74.035001,101,Hudson St,,,Jersey City,NJ,Hudson County,7302,US,,
amenity-66,Porto Leggero,,Food and Drink,"185 Hudson St, Jersey City, NJ 07311, United States",https://goo.gl/maps/wdttkZ1aBwSooXLX9,40.718622,-74.034986,185,Hudson St,,,Jersey City,NJ,Hudson County,7311,US,,
amenity-67,Cava,,Food and Drink,"30 Montgomery St, Jersey City, NJ 07302, United States",https://goo.gl/maps/AjE7SoVFR4ft1HX79,40.716919,-74.035254,30,Montgomery St,,,Jersey City,NJ,Hudson County,7302,US,,
amenity-68,City Diner,,Food and Drink,"31 Montgomery St, Jersey City, NJ 07302, United States",https://goo.gl/maps/HULpw5F3nZEYDsVb9,40.716335,-74.035597,31,Montgomery St,,,Jersey City,NJ,Hudson County,7302,US,,
amenity-69,Five Guys,,Food and Drink,"101 Hudson St, Jersey City, NJ 07302, United States",https://goo.gl/maps/cPZ73ahw5X2WQmMo9,40.716073,-74.035001,101,Hudson St,,,Jersey City,NJ,Hudson County,7302,US,,
amenity-70,Iron Monkey,,Food and Drink,"99 Greene St, Jersey City, NJ 07302, United States",https://goo.gl/maps/nq3arHSjMX34cLKP9,40.716009,-74.036029,99,Greene St,,,Jersey City,NJ,Hudson County,7302,US,,
amenity-71,Honshu Sushi,,Food and Drink,"95 Greene St, Jersey City, NJ 07302, United States",https://g.page/Honshujc?share,40.715509,-74.036389,95,Greene St,,,Jersey City,NJ,Hudson County,7302,US,,
amenity-72,Greene Hook Bar & Kitchen,,Food and Drink,"70 Greene St, Jersey City, NJ 07302, United States",https://goo.gl/maps/8KmU8n55qVR6RrJa9,40.714746,-74.035285,70,Greene St,,,Jersey City,NJ,Hudson County,7302,US,,
amenity-73,Rumi Turkish Grill,,Food and Drink,"67 Greene St, Jersey City, NJ 07302, United States",https://goo.gl/maps/TuE28KwvhWcjVC6MA,40.714614,-74.03625,67,Greene St,,,Jersey City,NJ,Hudson County,7302,US,,
amenity-74,Sky Thai,,Food and Drink,"62 Morris St, Jersey City, NJ 07302, United States",https://goo.gl/maps/yidxqRx8dVC5qiN57,40.713881,-74.036502,62,Morris St,,,Jersey City,NJ,Hudson County,7302,US,,
amenity-75,John's Pizzeria,,Food and Drink,"87 Sussex St, Jersey City, NJ 07302, United States",https://goo.gl/maps/cAJLERScrCfvpiLJ7,40.714454,-74.03737,87,Sussex St,,,Jersey City,NJ,Hudson County,7302,US,,
amenity-76,Krispy Pizza,,Food and Drink,"33 Hudson St, Jersey City, NJ 07302, United States",https://goo.gl/maps/Q9S3zuuf9KGVRnrF7,40.712628,-74.034947,33,Hudson St,,,Jersey City,NJ,Hudson County,7302,US,,
amenity-77,Cosi,,Food and Drink,"535 Washington Blvd, Jersey City, NJ 07310, United States",https://goo.gl/maps/ioPmcgN4NL9SdQ2H7,40.730911,-74.034529,535,Washington Blvd,,,Jersey City,NJ,Hudson County,7310,US,,
amenity-78,Satis Bistro,,Food and Drink,"212 Washington St, Jersey City, NJ 07302, United States",https://g.page/satisbistro?share,40.714401,-74.037541,212,Washington St,,,Jersey City,NJ,Hudson County,7302,US,,
amenity-79,Bistro La Source,,Food and Drink,"85 Morris St, Jersey City, NJ 07302, United States",https://g.page/Bistro-La-Source-173898632667883?share,40.713644,-74.037646,85,Morris St,,,Jersey City,NJ,Hudson County,7302,US,,
amenity-80,Light Horse Tavern,,Food and Drink,"199 Washington St, Jersey City, NJ 07302, United States",https://goo.gl/maps/Jhr1p3ghKfEQxTM39,40.714012,-74.038317,199,Washington St,,,Jersey City,NJ,Hudson County,7302,US,,
amenity-81,Sam A.M.,,Food and Drink,"112 Morris St, Jersey City, NJ 07302, United States",https://goo.gl/maps/mvs6YQYMYq5xbMSs8,40.714257,-74.039003,112,Morris St,,,Jersey City,NJ,Hudson County,7302,US,,
amenity-82,Tino's Artisinal Pizza Co,,Food and Drink,"199 Warren St, Jersey City, NJ 07302, United States",https://g.page/tino-s-artisan-pizza-co-?share,40.714219,-74.039803,199,Warren St,,,Jersey City,NJ,Hudson County,7302,US,,
amenity-83,Amelia's Bistro,,Food and Drink,"187 Warren St, Jersey City, NJ 07302, United States",https://g.page/ameliasbistrojc?share,40.713727,-74.040035,187,Warren St,,,Jersey City,NJ,Hudson County,7302,US,,
amenity-84,White Star,,Food and Drink,"179 Warren St, Jersey City, NJ 07302, United States",https://goo.gl/maps/uY2GsBxe7c716atD6,40.713178,-74.039985,179,Warren St,,,Jersey City,NJ,Hudson County,7302,US,,
amenity-85,Taqueria Viva Mexico Kitchen Café,,Food and Drink,"133 Morris St, Jersey City, NJ 07302, United States",https://goo.gl/maps/qw1CwLZtF1rD8mTe7,40.713901,-74.040284,133,Morris St,,,Jersey City,NJ,Hudson County,7302,US,,
amenity-86,Lisbon Pizzeria Las Americas,,Food and Drink,"260 Warren St #3713, Jersey City, NJ 07302, United States",https://goo.gl/maps/QGz9dAVDbTxieKrt6,40.71662,-74.039008,260,Warren St,#,3713,Jersey City,NJ,Hudson County,7302,US,,
amenity-87,Taste of North China,,Food and Drink,"75 Montgomery St, Jersey City, NJ 07302, United States",https://goo.gl/maps/9oVfv1oeq8GQVYgK8,40.716586,-74.037759,75,Montgomery St,,,Jersey City,NJ,Hudson County,7302,US,,
amenity-88,Mantra Authentic Indian,,Food and Drink,"253 Washington St, Jersey City, NJ 07302, United States",https://g.page/mantrajc?share,40.716371,-74.037773,253,Washington St,,,Jersey City,NJ,Hudson County,7302,US,,
amenity-89,Buddy Who's,,Food and Drink,"247 Washington St, Jersey City, NJ 07302, United States",https://goo.gl/maps/X9w3fdsXGQz4E5br8,40.716172,-74.037792,247,Washington St,,,Jersey City,NJ,Hudson County,7302,US,,
amenity-90,Lackawanna Coffee,,Food and Drink,"295 Grove St, Jersey City, NJ 07302, United States",https://goo.gl/maps/sKmPxR3YHkVSeFd88,40.718535,-74.043792,295,Grove St,,,Jersey City,NJ,Hudson County,7302,US,,
amenity-91,O'Hara's Downtown,,Food and Drink,"172 1st St, Jersey City, NJ 07302, United States",https://g.page/oharasjc?share,40.721604,-74.039998,172,1st St,,,Jersey City,NJ,Hudson County,7302,US,,
amenity-92,Hudson Hall,,Food and Drink,"364 Marin Blvd, Jersey City, NJ 07302, United States",https://g.page/hudsonhalljc?share,40.721272,-74.04082,364,Marin Blvd,,,Jersey City,NJ,Hudson County,7302,US,,
amenity-93,Departed Soles,,Food and Drink,"150 Bay St #2a, Jersey City, NJ 07302, United States",https://goo.gl/maps/PwQjDkqcZ1giLjcv6,40.721022,-74.039921,150,Bay St,Ph,2,Jersey City,NJ,Hudson County,7302,US,,
amenity-94,Bucket & Bay Craft Gelato Co,,Food and Drink,"150 Bay St, Jersey City, NJ 07302, United States",https://goo.gl/maps/YkxzGnHT1RVAbLxx5,40.721022,-74.039921,150,Bay St,,,Jersey City,NJ,Hudson County,7302,US,,
amenity-95,dullboy,,Food and Drink,"364 Grove St, Jersey City, NJ 07302, United States",https://goo.gl/maps/hQkSREAzQMxChmCs9,40.721388,-74.042464,364,Grove St,,,Jersey City,NJ,Hudson County,7302,US,,
amenity-96,Taqueria Downtown,,Food and Drink,"236 Grove St, Jersey City, NJ 07302, United States",https://goo.gl/maps/dyV4gYhz1gqXAWu56,40.716212,-74.044547,236,Grove St,,,Jersey City,NJ,Hudson County,7302,US,,
amenity-97,Mathews Food and Drink,,Food and Drink,"351 Grove St, Jersey City, NJ 07302, United States",https://g.page/mathewsfoodanddrink?share,40.720852,-74.042984,351,Grove St,,,Jersey City,NJ,Hudson County,7302,US,,
amenity-98,Orale Mexican Kitchen,,Food and Drink,"341 Grove St, Jersey City, NJ 07302, United States",https://g.page/OraleMK-JC?share,40.720536,-74.043125,341,Grove St,,,Jersey City,NJ,Hudson County,7302,US,,
amenity-99,Porta,,Food and Drink,"135 Newark Ave, Jersey City, NJ 07302, United States",https://g.page/PortaJerseyCity?share,40.720069,-74.043769,135,Newark Ave,,,Jersey City,NJ,Hudson County,7302,US,,
amenity-100,Beechwood Café,,Food and Drink,"290 Grove St, Jersey City, NJ 07302, United States",https://goo.gl/maps/531UDQ8PUYk4JzbH7,40.718278,-74.043383,290,Grove St,,,Jersey City,NJ,Hudson County,7302,US,,
amenity-101,Luna,,Food and Drink,"279 Grove St, Jersey City, NJ 07302, United States",https://g.page/lunajerseycity?share,40.717896,-74.044254,279,Grove St,,,Jersey City,NJ,Hudson County,7302,US,,
amenity-102,Razza,,Food and Drink,"275 Grove St, Jersey City, NJ 07302, United States",https://goo.gl/maps/LbVdsCfaEaNu5W7b6,40.717776,-74.044376,275,Grove St,,,Jersey City,NJ,Hudson County,7302,US,,
amenity-103,Short Grain,,Food and Drink,"183 Montgomery St, Jersey City, NJ 07302, United States",https://goo.gl/maps/doBuuGuQZhEKjEKV9,40.717096,-74.042985,183,Montgomery St,,,Jersey City,NJ,Hudson County,7302,US,,
amenity-104,Edward's Steakhouse,,Food and Drink,"239 Marin Blvd, Jersey City, NJ 07302, United States",https://goo.gl/maps/qAnQGAZat9Gh5r1t8,40.714781,-74.043828,201,Marin Blvd,,,Jersey City,NJ,Hudson County,7302,US,,
amenity-105,The Hamilton Inn,,Food and Drink,"708 Jersey Ave, Jersey City, NJ 07302, United States",https://goo.gl/maps/afmGfYwP9WGD2bzp6,40.72893,-74.044625,708,Jersey Ave,,,Jersey City,NJ,Hudson County,7302,US,,
amenity-106,Rumba Cubana,,Food and Drink,"235 Pavonia Ave, Jersey City, NJ 07302, United States",https://g.page/rumba-cubana-jersey-city?share,40.727607,-74.046289,235,Pavonia Ave,,,Jersey City,NJ,Hudson County,7302,US,,
amenity-107,Ahri's Kitchen,,Food and Drink,"227 7th St, Jersey City, NJ 07302, United States",https://goo.gl/maps/qPiqauLUqEtEt2rH6,40.725931,-74.043796,227,7th St,,,Jersey City,NJ,Hudson County,7302,US,,
amenity-108,Hamilton Pork,,Food and Drink,"247 10th St, Jersey City, NJ 07302, United States",https://goo.gl/maps/9NFMyqDBUCpkwPEx7,40.728817,-74.044258,247,10th St,,,Jersey City,NJ,Hudson County,7302,US,,
amenity-109,Ed & Mary's,,Food and Drink,"174 Coles St, Jersey City, NJ 07302, United States",https://g.page/ednmarys?share,40.72856,-74.046525,174,Coles St,,,Jersey City,NJ,Hudson County,7302,US,,
amenity-110,Rustique Pizza,,Food and Drink,"611 Jersey Ave, Jersey City, NJ 07302, United States",https://g.page/RustiquePizza?share,40.724933,-74.045768,611,Jersey Ave,,,Jersey City,NJ,Hudson County,7302,US,,
amenity-111,White Star Bar,,Food and Drink,"230 Brunswick St, Jersey City, NJ 07302, United States",https://goo.gl/maps/gBZybJNJAzejexm86,40.727939,-74.049912,230,Brunswick St,,,Jersey City,NJ,Hudson County,7302,US,,
amenity-112,New Thanh Hoai,,Food and Drink,"234 10th St, Jersey City, NJ 07302, United States",https://goo.gl/maps/zsRktsgYF882p23A8,40.72923,-74.043459,234,10th St,,,Jersey City,NJ,Hudson County,7302,US,,
amenity-113,Delenio,,Food and Drink,"357 7th St, Jersey City, NJ 07302, United States",https://goo.gl/maps/KCsfRmHXaTLrYo6j8,40.726457,-74.050181,357,7th St,,,Jersey City,NJ,Hudson County,7302,US,,
amenity-114,White Star Warren Street,,Food and Drink,"179 Warren St, Jersey City, NJ 07302, United States",https://goo.gl/maps/uY2GsBxe7c716atD6,40.713178,-74.039985,179,Warren St,,,Jersey City,NJ,Hudson County,7302,US,,
amenity-115,Bluestone Lane,,Food and Drink,"30 Hudson St, Jersey City, NJ 07302, United States",https://goo.gl/maps/LqsNSLCHKM6fKnaL6,40.713026,-74.03394,30,Hudson St,,,Jersey City,NJ,Hudson County,7302,US,,
amenity-116,Milk Sugar Love,,Food and Drink,"19 McWilliams Pl, Jersey City, NJ 07302, United States",https://goo.gl/maps/7Ywoo5r4biMR1sEH6,40.727489,-74.044041,19,Mcwilliams Pl,,,Jersey City,NJ,Hudson County,7302,US,,
amenity-117,Cafe Esme,,Food and Drink,"485 Marin Blvd, Jersey City, NJ 07302, United States",https://g.page/cafeesme?share,40.726157,-74.040658,465,Marin Blvd,,,Jersey City,NJ,Hudson County,7302,US,,
amenity-118,Zeppelin Hall Beer Garden,,Food and Drink,"88 Liberty View Dr., Jersey City, NJ 07302, United States",https://goo.gl/maps/v7TTeL7JfqibaALt9,40.738969,-74.063989,88,Liberty Ave,,,Jersey City,NJ,Hudson County,7306,US,,
amenity-119,Surf City,,Food and Drink,"1 Marin Blvd, Jersey City, NJ 07302, United States",https://goo.gl/maps/gHc1SuW3gKDjtouk8,40.712048,-74.04348,1,Marin Blvd,,,Jersey City,NJ,Hudson County,7302,US,,
amenity-120,Smorgasborg,,Food and Drink,"44 Bay St, Jersey City, NJ 07302, United States",https://goo.gl/maps/s4zkFvJyB1tv9jet7,40.720326,-74.035583,44,Bay St,,,Jersey City,NJ,Hudson County,7302,US,,
amenity-121,Hyatt Regency Jersey City,,Hotels,"2 Exchange Pl, Jersey City, NJ 07302, United States",https://goo.gl/maps/8v2UrhdhamSaeJ6NA,40.716119,-74.03119,2,Exchange Pl,,,Jersey City,NJ,Hudson County,7302,US,,
amenity-122,Hyatt House,,Hotels,"1 Exchange Pl, Jersey City, NJ 07302, United States",https://g.page/hyatt-house-jersey-city?share,40.715918,-74.033868,1,Exchange Pl,,,Jersey City,NJ,Hudson County,7302,US,,
amenity-123,Candlewood Suites,,Hotels,"21 2nd St, Jersey City, NJ 07302, United States",https://goo.gl/maps/MuzdV8dMcyCXj7Ek9,40.721609,-74.036728,21,2nd St,,,Jersey City,NJ,Hudson County,7302,US,,
amenity-124,Double Tree by Hilton Hotel,,Hotels,"455 Washington Blvd, Jersey City, NJ 07310, United States",https://goo.gl/maps/xKrsFwDnAsKsTTVZ9,40.723505,-74.036613,455,Washington Blvd,,,Jersey City,NJ,Hudson County,7310,US,,
amenity-125,Residence Inn by Marriott Jersey City nopy by Hilton,,Hotels,"80 Christopher Columbus Dr, Jersey City, NJ 07302, United States",https://goo.gl/maps/hgf76fXpbco9mPQ67,40.717099,-74.033142,80,Christopher Columbus Dr,,,Jersey City,NJ,Hudson County,7302,US,,
amenity-126,Noah's Ark Florist,,Retail,"Harborside Financial Center, 200 Hudson St, Jersey City, NJ 07311, United States",https://g.page/noahsarkflorist?share,40.720216,-74.032724,,,,,Jersey City,NJ,Hudson County,7311,US,,
amenity-127,Hudson Greene Market,,Retail,"77 Hudson St, Jersey City, NJ 07302, United States",https://g.page/hudsongreene?share,40.714559,-74.035254,77,Hudson St,,,Jersey City,NJ,Hudson County,7302,US,,
amenity-128,Hudson Vine,,Retail,"1 2nd St, Jersey City, NJ 07302, United States",https://goo.gl/maps/NDDCipxYCL9qEN3R7,40.721856,-74.036427,1,2nd St,,,Jersey City,NJ,Hudson County,7302,US,,
amenity-129,V's Barbershop Jersey City,,Retail,"389 Washington St, Jersey City, NJ 07302, United States",https://goo.gl/maps/WS5QuYqE5en49Pj29,40.721365,-74.036877,389,Washington St,,,Jersey City,NJ,Hudson County,7302,US,,
amenity-130,European Wax Center,,Retail,"389 Washington St, Jersey City, NJ 07302, United States",https://g.page/EWC-Jersey-City?share,40.721365,-74.036877,389,Washington St,,,Jersey City,NJ,Hudson County,7302,US,,
amenity-131,Massage Envy,,Retail,"389 Washington St, Jersey City, NJ 07302, United States",https://goo.gl/maps/81xJoASobMko9EoX9,40.721365,-74.036877,389,Washington St,,,Jersey City,NJ,Hudson County,7302,US,,
amenity-132,Waterfront Wine & Liquor,,Retail,"81 Montgomery St B, Jersey City, NJ 07302, United States",https://goo.gl/maps/XPnRsDNX2NBGw5pJ7,40.716487,-74.037987,81,Montgomery St,,,Jersey City,NJ,Hudson County,7302,US,,
amenity-133,Packer Shoes,,Retail,"382 Marin Blvd, Jersey City, NJ 07302, United States",https://goo.gl/maps/7grJQpiaEGFjFDmH9,40.722596,-74.03872,396,Marin Blvd,,,Jersey City,NJ,Hudson County,7302,US,,
amenity-134,WORD Bookstore,,Retail,"123 Newark Ave, Jersey City, NJ 07302, United States",https://g.page/wordjerseycity?share,40.720632,-74.044522,123,Newark Ave,,,Jersey City,NJ,Hudson County,7302,US,,
amenity-135,Hound About Town,,Retail,"218 Montgomery St, Jersey City, NJ 07302, United States",https://goo.gl/maps/PunNa6DGLAT4bssY6,40.717752,-74.044355,218,Montgomery St,,,Jersey City,NJ,Hudson County,7302,US,,
amenity-136,CoolVines on Grove,,Retail,"276 Grove St, Jersey City, NJ 07302, United States",https://goo.gl/maps/1beA2146n7LsD6Ck6,40.717571,-74.043937,276,Grove St,,,Jersey City,NJ,Hudson County,7302,US,,
amenity-137,Kanibal & Co,,Retail,"197 Montgomery St, Jersey City, NJ 07302, United States",https://goo.gl/maps/vLSHDb4QxvN7GVgP7,40.717302,-74.043297,197,Montgomery St,,,Jersey City,NJ,Hudson County,7302,US,,
amenity-138,Hazel Baby & Kids,,Retail,"199 Montgomery St, Jersey City, NJ 07302, United States",https://goo.gl/maps/zbQcwFiwoJw9Lufj8,40.71731,-74.043367,199,Montgomery St,,,Jersey City,NJ,Hudson County,7302,US,,
amenity-139,CVS Pharmacy,,Retail,"88 Morgan St, Jersey City, NJ 07302, United States",https://goo.gl/maps/qPtgJFh5vVw5oz6H8,40.719968,-74.035825,88,Morgan St,,,Jersey City,NJ,Hudson County,7302,US,,
amenity-140,Another Man's Treasure Vintage Store,,Retail,"195 Montgomery St, Jersey City, NJ 07302, United States",https://g.page/amtvintage?share,40.717293,-74.043226,195,Montgomery St,,,Jersey City,NJ,Hudson County,7302,US,,
amenity-141,Hazel Baby & Kids,,Retail,"199 Montgomery St, Jersey City, NJ 07302, United States",https://goo.gl/maps/zbQcwFiwoJw9Lufj8,40.71731,-74.043367,199,Montgomery St,,,Jersey City,NJ,Hudson County,7302,US,,
amenity-142,Madame Claude Wine,,Retail,"234 Pavonia Ave, Jersey City, NJ 07302, United States",https://goo.gl/maps/dHTFE5aVUGqtC1De6,40.727902,-74.046222,234,Pavonia Ave,,,Jersey City,NJ,Hudson County,7302,US,,
amenity-143,Van Hook Cheese & Grocery,,Retail,"528 Jersey Ave, Jersey City, NJ 07302, United States",https://goo.gl/maps/fVqxLG8Ao6oxMLKd9,40.720934,-74.046221,528,Jersey Ave,,,Jersey City,NJ,Hudson County,7302,US,,
amenity-144,Newport Mall,,Retail,"30 Mall Dr W, Jersey City, NJ 07310, United States",https://g.page/ShopNewportCentre?share,40.726888,-74.037887,30,Mall Dr W,,,Jersey City,NJ,Hudson County,7310,US,,
amenity-145,Hound About Town,,Retail,"218 Montgomery St, Jersey City, NJ 07302, United States",https://goo.gl/maps/PunNa6DGLAT4bssY6,40.717752,-74.044355,218,Montgomery St,,,Jersey City,NJ,Hudson County,7302,US,,
amenity-146,Tia's Place,,Retail,"89 E 42nd St, New York, NY 10017, United States","89 E 42nd St, New York, NY 10017, United States",40.75236,-73.977412,89,E 42nd St,,,New York,NY,New York County,10017,US,,
amenity-147,Another Man's Treasure Vintage Store,,Retail,"195 Montgomery St, Jersey City, NJ 07302, United States",https://g.page/amtvintage?share,40.717293,-74.043226,195,Montgomery St,,,Jersey City,NJ,Hudson County,7302,US,,
amenity-148,WORD,,Retail,"123 Newark Ave, Jersey City, NJ 07302, United States",https://g.page/wordjerseycity?share,40.720632,-74.044522,123,Newark Ave,,,Jersey City,NJ,Hudson County,7302,US,,
amenity-149,CoolVines Jersey City,,Retail,"276 Grove St, Jersey City, NJ 07302, United States",https://goo.gl/maps/1beA2146n7LsD6Ck6,40.717571,-74.043937,276,Grove St,,,Jersey City,NJ,Hudson County,7302,US,,
amenity-150,Packer Shoes,,Retail,"382 Marin Blvd, Jersey City, NJ 07302, United States",https://goo.gl/maps/7grJQpiaEGFjFDmH9,40.722596,-74.03872,396,Marin Blvd,,,Jersey City,NJ,Hudson County,7302,US,,
amenity-151,Target,,Retail,"100 14th St, Jersey City, NJ 07310, United States",https://goo.gl/maps/S8dX9j6gs2WbAxUq7,40.732816,-74.035763,100,14th St,,,Jersey City,NJ,Hudson County,7310,US,,
amenity-152,14th Street Garden Center,,Retail,"793 Jersey Ave, Jersey City, NJ 07310, United States",https://goo.gl/maps/Nb8NG3DqvFnnNEAB8,40.732454,-74.044603,793,Jersey Ave,,,Jersey City,NJ,Hudson County,7310,US,,
amenity-153,Downtown Jersey City Farmers' Market,,Retail,"Grove St, Jersey City, NJ 07302, United States",https://goo.gl/maps/ZzLb7x2XAYyL1p8j7,40.719561,-74.04311,,Grove St,,,Jersey City,NJ,Hudson County,7302,US,,
amenity-154,Metropolis Music,,Retail,"240 Newark Ave, Jersey City, NJ 07302, United States",https://goo.gl/maps/V5NYZyEikyDxe8s56,40.722698,-74.047895,240,Newark Ave,,,Jersey City,NJ,Hudson County,7302,US,,
amenity-155,Exchange Place Physical Therapy Group,,Services,"200 Hudson St #127, Jersey City, NJ 07302, United States",https://g.page/eptg_pt?share,40.738647,-74.029569,200,Hudson St,#,127,Hoboken,NJ,Hudson County,7030,US,,
amenity-156,Jersey City Floris Spa and Nail,,Services,"70 Greene St, Jersey City, NJ 07302, United States",https://goo.gl/maps/M23BNcfkW4YDU8vD8,40.714746,-74.035285,70,Greene St,,,Jersey City,NJ,Hudson County,7302,US,,
amenity-157,Portofino Nails,,Services,"1 2nd St, Jersey City, NJ 07302, United States",https://goo.gl/maps/dwcxDUnkPsmG9gxf7,40.721856,-74.036427,1,2nd St,,,Jersey City,NJ,Hudson County,7302,US,,
amenity-158,U.S. Post Office,,Services,"899 Bergen Ave, Jersey City, NJ 07306, United States",https://goo.gl/maps/Kw2AdLCArWidFUPs9,40.729999,-74.06547,899,Bergen Ave,,,Jersey City,NJ,Hudson County,7306,US,,
amenity-159,Salon 10N,,Services,"5, McWilliams Pl, Jersey City, NJ 07302, United States",https://goo.gl/maps/wh1N71jDeYBpfCLo9,40.726963,-74.044102,5,McWilliams Pl,,,Jersey City,NJ,Hudson County,7302,US,,
amenity-160,Blue Salon & Spa,,Services,"280 Marin Blvd, Jersey City, NJ 07302, United States",https://g.page/SpaBlueJC?share,40.716415,-74.04239,248,Marin Blvd,,,Jersey City,NJ,Hudson County,7302,US,,
amenity-161,V's Barbershop,,Services,"389 Washington St, Jersey City, NJ 07302, United States",https://goo.gl/maps/WS5QuYqE5en49Pj29,40.721365,-74.036877,389,Washington St,,,Jersey City,NJ,Hudson County,7302,US,,
amenity-162,Massage Envy,,Services,"389 Washington St, Jersey City, NJ 07302, United States",https://goo.gl/maps/81xJoASobMko9EoX9,40.721365,-74.036877,389,Washington St,,,Jersey City,NJ,Hudson County,7302,US,,
amenity-163,European Wax Center,,Services,"389 Washington St, Jersey City, NJ 07302, United States",https://g.page/EWC-Jersey-City?share,40.721365,-74.036877,389,Washington St,,,Jersey City,NJ,Hudson County,7302,US,,
amenity-164,City Hall,,Services,"280 Grove St, Jersey City, NJ 07302, United States",https://goo.gl/maps/c45sg6D2Rn2pFy3V9,40.717738,-74.043115,280,Grove St,,,Jersey City,NJ,Hudson County,7302,US,,
amenity-165,Paulus Hook Ferry Terminal,,Transit,"Paulus Hook, Hudson St, Jersey City, NJ 07302, United States",https://goo.gl/maps/SpbUSBpemTgGx7xV6,40.726001,-74.047304,,,,,Jersey City,NJ,Hudson County,7302,US,,
amenity-166,Exchange Place PATH,,Transit,"68 Christopher Columbus Dr, Jersey City, NJ 07302, United States",https://goo.gl/maps/beu2xuRdicr48qt88,40.716742,-74.032857,68,Christopher Columbus Dr,,,Jersey City,NJ,Hudson County,7302,US,,
amenity-167,Grove Street PATH,,Transit,"Jersey City, NJ 07302, United States",https://goo.gl/maps/RbXw399RdvahBZUy7,40.726001,-74.047304,,,,,Jersey City,NJ,Hudson County,7302,US,,
amenity-168,Exchange Place Light Rail,,Transit,"Jersey City, NJ 07302, United States",https://goo.gl/maps/UfejBnRz8vnJ8oi28,40.726001,-74.047304,,,,,Jersey City,NJ,Hudson County,7302,US,,
amenity-169,Newport Light Rail Station,,Transit,"Jersey City, NJ 07310, United States",https://goo.gl/maps/PVJ8yxrTcyoNMwCE8,40.732728,-74.037168,,,,,Jersey City,NJ,Hudson County,7310,US,,
amenity-170,Marin Street Ferry Terminal,,Transit,"101 Hudson St, Jersey City, NJ 07302, USA",https://goo.gl/maps/TmyZJf34P5QTU3WY7,40.716073,-74.035001,101,Hudson St,,,Jersey City,NJ,Hudson County,7302,US,,
amenity-171,Harsimus Cove Light Rail,,Transit,"Jersey City, NJ 07302, United States",https://goo.gl/maps/hHvNCTpF33AhVQK87,40.726001,-74.047304,,,,,Jersey City,NJ,Hudson County,7302,US,,
amenity-172,Harborside Light Rail,,Transit,"Jersey City, NJ 07302, United States",https://goo.gl/maps/PKxz4PzcdB6me43U6,40.726001,-74.047304,,,,,Jersey City,NJ,Hudson County,7302,US,,
amenity-173,Essex Light Rail,,Transit,"Jersey City, NJ 07302, United States",https://goo.gl/maps/4KzhgqKTNJG66vfL9,40.726001,-74.047304,,,,,Jersey City,NJ,Hudson County,7302,US,,
amenity-174,Holland Tunnel,,Transit,"I-78, Jersey City, NJ 07310, USA",https://goo.gl/maps/N44soLWbt3h7Td337,40.68604,-74.096771,,I-78,,,Jersey City,NJ,Hudson County,7302,US,,
amenity-175,Newport PATH,,Transit,"Jersey City, NJ 07310, United States",https://goo.gl/maps/7U4EwWbB8MTM4FLW9,40.732728,-74.037168,,,,,Jersey City,NJ,Hudson County,7310,US,,
amenity-176,World Trade Center PATH,,Transit,"New York, NY 10007, United States",https://goo.gl/maps/dGhFaLEuTJhe3JUG8,40.713941,-74.007401,,,,,New York,NY,New York County,10007,US,,
amenity-177,The Fulton Center,,Transit,"New York, NY 10038, United States",https://goo.gl/maps/DRqHqJSLC5CCq67u9,40.710223,-74.003368,,,,,New York,NY,New York County,10038,US,,
amenity-178,Marin Boulevard Light Rail,,Transit,"Jersey City, NJ 07302, United States",https://goo.gl/maps/7LUFGGXuxDpUiF488,40.726001,-74.047304,,,,,Jersey City,NJ,Hudson County,7302,US,,
amenity-179,World Financial Center Ferry Terminal,,Transit,"Vesey St, New York, NY 10281, United States",https://goo.gl/maps/cxRrKKKi5EgPRCAJ9,40.713105,-74.011934,,Vesey St,,,New York,NY,New York County,10007,US,,
amenity-180,Staten Island Ferry Terminal,,Transit,"New York, NY 10004, United States",https://goo.gl/maps/eDgDTvFZDXCs8uLf7,40.68863,-74.018244,,,,,New York,NY,New York County,10004,US,,
amenity-181,Battery Maritime Building,,Transit,"10 South St, New York, NY 10005, United States",https://goo.gl/maps/qAiMwu6cKsJWaQat7,40.701309,-74.011817,10,South St,,,New York,NY,New York County,10004,US,,
amenity-182,Christopher Street Pier,,Transit,"393 West St, New York, NY 10014, United States",https://goo.gl/maps/rBLErnaSGGRjLGs98,40.732938,-74.01001,393,West St,,,New York,NY,New York County,10014,US,,
amenity-183,NY Waterway Ferry Terminal,,Transit,"459 12th Ave, New York, NY 10001, United States",https://goo.gl/maps/dZ5KNARQoMtUsGiT6,40.760345,-74.003226,451,12th Ave,,,New York,NY,New York County,10018,US,,
amenity-184,Port Imperial Ferry Terminal,,Transit,"Weehawken, NJ 07086, United States",https://goo.gl/maps/ejWfiaT5minHrxMMA,40.767828,-74.020791,,,,,Weehawken,NJ,Hudson County,7086,US,,
amenity-185,Harborside Ferry,,Transit,"Hudson River Waterfront Walkway, Jersey City, NJ 07302, United States",https://goo.gl/maps/Ckc6NP6j4bxnsmJd9,40.712803,-74.034904,,Hudson St,,,Jersey City,NJ,Hudson County,7302,US,,
,,,,,,,,,,,,,,,,,,
,,,,,,,,,,,,,,,,,,
,,,,,,,,,,,,,,,,,,
,,,,,,,,,,,,,,,,,,